battery,cycle_number,cycle_type,ambient_temperature,battery_impedance_mean,battery_impedance_std,rectified_impedance_mean,electrolyte_resistance,charge_transfer_resistance
B0005,40,impedance,24.0,0.1718935334886117,0.1382797732217638,0.05918447798910551,0.04466870036616091,0.06945627304536996
B0005,42,impedance,24.0,0.17126728438202043,0.15273798839559105,0.06060034297167679,0.04668700162486933,0.07627474098530587
B0005,44,impedance,24.0,0.17148828270935718,0.13887219133431397,0.05861678584282851,0.044843430573346096,0.0679720560130687
B0005,46,impedance,24.0,0.17058517116931404,0.1502044010839513,0.05980770569168637,0.04619468955099375,0.07453388918437964
B0005,48,impedance,24.0,0.17200154326704867,0.13893051668482842,0.05920513792253839,0.04510114851143001,0.06852832896000328
B0005,50,impedance,24.0,0.1692288153775217,0.15168660269602458,0.05918733245659546,0.04599074473076839,0.07342664108773311
B0005,52,impedance,24.0,0.17226053430596583,0.13997125346675324,0.05897538083682462,0.044172075577171746,0.06804449516996176
B0005,54,impedance,24.0,0.17039012446681503,0.15128679754965754,0.05974457532810706,0.0452171085992494,0.07464778408413367
B0005,56,impedance,24.0,0.17200548975868682,0.1396248406445925,0.058787744525073744,0.043786628196075913,0.06845021227072765
B0005,58,impedance,24.0,0.1696414234330416,0.15177050738603662,0.059177356410227026,0.04490994541365791,0.07395687603254197
B0005,60,impedance,24.0,0.172399749736181,0.1396966844189333,0.05918812525959187,0.04463932198878524,0.0683410113732366
B0005,62,impedance,24.0,0.1701928313692085,0.15131094817939805,0.059656631898586936,0.04717044086931744,0.07208112164479205
B0005,64,impedance,24.0,0.1716324361121377,0.13858845921732282,0.058865345118556685,0.043558785775475374,0.06868237655872211
B0005,66,impedance,24.0,0.16915499291678127,0.1509196776898421,0.05871140196994241,0.04648969708635643,0.07102909339339247
B0005,68,impedance,24.0,0.17190222868258048,0.13891576242924433,0.059161496673660156,0.04526547818261783,0.0681437253042456
B0005,70,impedance,24.0,0.17006706711977548,0.15105839864509216,0.059272798309447094,0.0463622366817154,0.07193029860543036
B0005,72,impedance,24.0,0.17143005892526997,0.13846233015553583,0.05880341037543772,0.044483715777434665,0.06782555719716843
B0005,74,impedance,24.0,0.1697292734718352,0.15096200078141936,0.05916043441038008,0.04482791300205649,0.07288826952758304
B0005,76,impedance,24.0,0.17178026200651256,0.13918219545926827,0.058881553398173476,0.04441416485910045,0.06885805241213436
B0005,78,impedance,24.0,0.16877302234001715,0.1520520225590184,0.0585783908409698,0.04466450679894579,0.0727868237536811
B0005,80,impedance,24.0,0.17197698786863813,0.14001395372122188,0.05881069068256187,0.04453544590029642,0.06779434699116274
B0005,82,impedance,24.0,0.16869597868437838,0.15061306156815096,0.05783044008237568,0.04502135245555801,0.06940408185539676
B0005,86,impedance,24.0,0.20131368472861402,0.04585693966860569,0.058967597138826544,0.04610646564263781,0.07041083307756363
B0005,88,impedance,24.0,0.20304582454706788,0.045228908131756396,0.060701834994931314,0.04646251600050638,0.06993774302336724
B0005,90,impedance,24.0,0.20116459018127003,0.045797327265629864,0.05904168819794308,0.04766732499763113,0.06870142026856427
B0005,92,impedance,24.0,0.2030795119213532,0.04463148844535635,0.06078183976024228,0.04772385451119983,0.06950417544214327
B0005,94,impedance,24.0,0.2008874659916352,0.04461159337580475,0.05906538093712595,0.04786769518725868,0.06782851501053842
B0005,96,impedance,24.0,0.20314779570731584,0.04515927338192222,0.06081752682094792,0.04694022963323793,0.069661211991841
B0005,98,impedance,24.0,0.20046582021175954,0.044543965026921616,0.05888554636760318,0.045613419083722975,0.0690386303340568
B0005,100,impedance,24.0,0.20458472464047572,0.04475602775615452,0.06179179250565504,0.04702798243208013,0.07112946749607083
B0005,102,impedance,24.0,0.20195715846489043,0.04565846872898682,0.05955260709402209,0.04672887233883059,0.06971129972921941
B0005,104,impedance,24.0,0.20512242588858604,0.045434975881343154,0.062008393068415345,0.047755380262671634,0.07167079612312527
B0005,106,impedance,24.0,0.20163615023741077,0.04588968607321437,0.059299396984560174,0.04691622519628201,0.06913343554751465
B0005,108,impedance,24.0,0.2035050737272942,0.04425559675753721,0.06108022020421718,0.047022939446838434,0.06976696183555635
B0005,110,impedance,24.0,0.20128687412794583,0.04636578696725601,0.05900383373018719,0.046604793185003,0.06852215228822905
B0005,112,impedance,24.0,0.20426765604106545,0.046019127143445575,0.06144759495001148,0.046245370477528074,0.0719248993978976
B0005,114,impedance,24.0,0.20206883781239604,0.04643185178307025,0.059569171018121314,0.04683293993011124,0.06946896899621643
B0005,116,impedance,24.0,0.2046758802149325,0.04613364472677119,0.06163930132215209,0.04618610336751238,0.07193787056034481
B0005,118,impedance,24.0,0.2007402683481898,0.04489375973685332,0.05900088256758197,0.04624136663986422,0.06934916902797013
B0005,120,impedance,24.0,0.2049605977226754,0.04579846186665949,0.06182597990518199,0.04773737014313117,0.0703395836124857
B0005,122,impedance,24.0,0.20357681236199854,0.04580528243656751,0.060703477100066065,0.049427483436388156,0.0695498357572787
B0005,124,impedance,24.0,0.20476498331166348,0.044737614100253655,0.06188507069690078,0.04838334154876506,0.06973812701544792
B0005,126,impedance,24.0,0.202667796406559,0.045676748150107194,0.05984629246063648,0.04747841688797767,0.06488297170955903
B0005,128,impedance,24.0,0.20486822551048822,0.04510079481042477,0.06190038421857418,0.048037510039299486,0.07012511424776673
B0005,130,impedance,24.0,0.20171569675457893,0.045111564565527715,0.05954365682942749,0.047703621105183044,0.06859813037774799
B0005,132,impedance,24.0,0.20395346091754823,0.044554728941060974,0.06159518524218792,0.048086960073381944,0.0697134641311117
B0005,136,impedance,24.0,0.20152403676300296,0.044851691699203375,0.05951802962951707,0.04815104655957722,0.06772207819825936
B0005,138,impedance,24.0,0.20639045823296345,0.04525159366935469,0.0630433542952284,0.04754728174038817,0.07318009891168203
B0005,140,impedance,24.0,0.20249566379188655,0.045072352564771885,0.06015715051065492,0.04759013382319219,0.06914272874669278
B0005,142,impedance,24.0,0.2059505910109951,0.046090386241881665,0.06251123984931004,0.04764092098948851,0.07165247326552959
B0005,144,impedance,24.0,0.2024544736030224,0.04626468361445203,0.05993611062068162,0.04764024061757782,0.06898277923910441
B0005,146,impedance,24.0,0.20658763110870018,0.04496105812582476,0.06311828783572586,0.04842436953177311,0.07249983749010006
B0005,150,impedance,24.0,0.20328969418225254,0.04604145793224946,0.06024460783133291,0.04893386185534073,0.06795990180113623
B0005,152,impedance,24.0,0.2061585629734266,0.045213224980751546,0.0626139506986292,0.04943074564871873,0.0701407541984291
B0005,154,impedance,24.0,0.20361142893973738,0.04592036570755888,0.06053620367152668,0.049323007176718225,0.06895642914528509
B0005,156,impedance,24.0,0.20610242245607438,0.044716764953181554,0.06278571448998091,0.04974822543014387,0.07112993844977841
B0005,158,impedance,24.0,0.2032990561436404,0.04519599395541651,0.060554707105072124,0.04912202877042455,0.06890956847456893
B0005,160,impedance,24.0,0.20729766219459284,0.045734485956810664,0.06330561541871424,0.04988486594475391,0.07198302765125617
B0005,162,impedance,24.0,0.20303316450183187,0.04506120488827523,0.06048922686034161,0.047859449246718755,0.06977255608528674
B0005,164,impedance,24.0,0.20672222042567034,0.046034712134660455,0.0630575203456684,0.04921638093217895,0.07146374397937286
B0005,166,impedance,24.0,0.2029257418923176,0.045423675374693086,0.06030684143831591,0.04887229013423192,0.06876809153866811
B0005,168,impedance,24.0,0.20660044393531535,0.044851873935291726,0.06301045338283115,0.04994593893656341,0.07088704261645878
B0005,170,impedance,24.0,0.2020699701195796,0.04534614126590999,0.05964749104444087,0.048296439195350184,0.0673151471016695
B0005,172,impedance,24.0,0.207108422110071,0.04522974540199796,0.06326341687628108,0.048969605147940264,0.07178168505217358
B0005,174,impedance,24.0,0.20283782157373392,0.0454959142043478,0.06014583378904334,0.04814709226602492,0.0684158918231915
B0005,176,impedance,24.0,0.207486899671132,0.04615952803630986,0.06358154859709901,0.05022937602514056,0.0718319241428618
B0005,178,impedance,24.0,0.2032391784992016,0.04560827976195394,0.06043154419535828,0.04845430020206581,0.06777935051052719
B0005,180,impedance,24.0,0.20604851888584874,0.044792890230458696,0.06267091235798031,0.04971526662508074,0.07139027154395669
B0005,182,impedance,24.0,0.20193809528879308,0.04530532429220813,0.05950040636770904,0.04868025293328389,0.06583444846364324
B0005,184,impedance,24.0,0.20632578328331658,0.04443236882590064,0.06308624368182267,0.04913216601843565,0.0724518691988788
B0005,186,impedance,24.0,0.20367288048024085,0.04555698351425667,0.06076878854860855,0.049918728983506716,0.06876463309502395
B0005,188,impedance,24.0,0.20706887642242744,0.045265447363750044,0.06343195878620414,0.04920968322529824,0.07304025099509703
B0005,190,impedance,24.0,0.20413596474460663,0.04572290148629436,0.06102094654104804,0.04943664953959982,0.06892300885560772
B0005,192,impedance,24.0,0.20747910751155707,0.045422698374240206,0.06356299030229305,0.04950631616559385,0.07251082944035009
B0005,194,impedance,24.0,0.2038644776957242,0.04610293662159938,0.06071561679505269,0.04940333988784369,0.06864846238725138
B0005,196,impedance,24.0,0.20688164772387163,0.04481001688297475,0.06334890045605593,0.04865176277959679,0.07201762091170956
B0005,198,impedance,24.0,0.20402193425614673,0.04597563938015846,0.060884116898636105,0.04915501980244644,0.06913086863703587
B0005,200,impedance,24.0,0.2072794225140055,0.0446386724649632,0.06379308221311221,0.04916575568371288,0.07316993618002728
B0005,202,impedance,24.0,0.20326041594476701,0.04482877232746674,0.06057437799808582,0.04870161283727027,0.06859455507457586
B0005,204,impedance,24.0,0.20798343797111352,0.04631329750290979,0.06374898058194282,0.04923427342088277,0.07277120733743579
B0005,206,impedance,24.0,0.20419832492987702,0.04580648358087725,0.060977657298745956,0.04885677345766941,0.06871570767989431
B0005,208,impedance,24.0,0.2084771286957337,0.04515429438244911,0.06441973803577956,0.0505475864921389,0.07270866794574943
B0005,210,impedance,24.0,0.20450285983650085,0.04564830302862733,0.061243109411373654,0.0506497585783765,0.06853536104799454
B0005,212,impedance,24.0,0.20809334126246054,0.04444835094838341,0.0642815016689892,0.050118814742107526,0.07301041089661342
B0005,216,impedance,24.0,0.20450033214670021,0.04605901236663936,0.06120940598764792,0.04913242687695094,0.0693303248319639
B0005,218,impedance,24.0,0.20832303886040396,0.045696659954542265,0.06421887553082063,0.049792567319026114,0.07343650361620202
B0005,220,impedance,24.0,0.20372807342018961,0.04501056223771217,0.06097832487563224,0.049633135916243465,0.06881429671018138
B0005,222,impedance,24.0,0.20806274073928457,0.04549593627206623,0.06417004617035833,0.049865378066600005,0.0732133898164959
B0005,224,impedance,24.0,0.20399003463558923,0.04627242101673609,0.06080058300101882,0.048921290356402275,0.06883931362761586
B0005,226,impedance,24.0,0.20825313016826935,0.04433688943890511,0.06439785815199373,0.049811932785538866,0.07459618605206403
B0005,228,impedance,24.0,0.2040687191227814,0.045908997028572714,0.06108168908916932,0.04975125749803476,0.06863892419996058
B0005,230,impedance,24.0,0.20849985051238398,0.045541579234150004,0.06431636643064112,0.04850673488997184,0.07458309776342148
B0005,232,impedance,24.0,0.20435435513749295,0.04501818193695425,0.06136276991194659,0.04915918196298162,0.06906734479973246
B0005,234,impedance,24.0,0.2086959564332144,0.045788632773904145,0.06440443462912307,0.050023074203339506,0.0736638387977965
B0005,236,impedance,24.0,0.2043712871436295,0.04436353888045951,0.06137859449313066,0.04970808709656559,0.06830006146095657
B0005,238,impedance,24.0,0.208549953201508,0.044154848693810936,0.06475458749916072,0.05020469043786587,0.07371885821597624
B0005,240,impedance,24.0,0.20443069365556568,0.04497467657995925,0.061368979752295806,0.048950660803835325,0.06963267386152323
B0005,242,impedance,24.0,0.20941567862714633,0.04585262452341487,0.06491344038345655,0.04975857340773159,0.07465617760875586
B0005,244,impedance,24.0,0.20490422752259474,0.046345349546875754,0.06137906827145095,0.049808396255372756,0.06902298762939403
B0005,246,impedance,24.0,0.20924489231058346,0.04600776630616835,0.0647877096690896,0.04968675503783295,0.07355425821939737
B0005,248,impedance,24.0,0.20489317901084217,0.04629922151882684,0.06139060782401668,0.05059411389974348,0.06858328460478416
B0005,250,impedance,24.0,0.20939518550900685,0.044210704879220075,0.06515689572927157,0.04995005707049774,0.0746229428074614
B0005,252,impedance,24.0,0.2055699950069183,0.04608172387310815,0.061818180079176686,0.04984421041201089,0.07014070107890119
B0005,254,impedance,24.0,0.20961278251427173,0.04586766699837226,0.06495627120016766,0.050282564251258356,0.07360391142336822
B0005,256,impedance,24.0,0.20554634696403296,0.04646859216869577,0.06188690162463118,0.05006270229203594,0.06979118038789997
B0005,258,impedance,24.0,0.2094600327019147,0.045814646022900765,0.06503589738690463,0.04992007781904663,0.074642062777058
B0005,260,impedance,24.0,0.204785052235889,0.044140127951247624,0.06181793844464268,0.04921445916482306,0.06990836301107425
B0005,262,impedance,24.0,0.2103515698013069,0.045975013326015904,0.06556343587368761,0.05007996435013632,0.07547710929281527
B0005,266,impedance,24.0,0.2117702073411749,0.0447692729239807,0.0664466821987669,0.054692185026359336,0.07464599360022733
B0005,268,impedance,24.0,0.21657515340125155,0.04523973013408899,0.07009932078856038,0.05487320211540928,0.07934403644117197
B0005,270,impedance,24.0,0.2119114866373817,0.0455402289350192,0.06643481801443638,0.05415675281078651,0.07505843667743599
B0005,272,impedance,24.0,0.2172511268201105,0.045919858606657434,0.07040326590957782,0.055240499862766274,0.08002359358228964
B0005,274,impedance,24.0,0.213135287674729,0.046656767759621465,0.06714847330837177,0.054542809780562286,0.07592379199991395
B0005,276,impedance,24.0,0.2175529810689361,0.046416408768174246,0.07056754198429797,0.055080368328742545,0.08045008161921993
B0005,278,impedance,24.0,0.2128424367902224,0.04643546104563538,0.06690873612733894,0.053398671864258646,0.07562889610038578
B0005,280,impedance,24.0,0.21819180961246754,0.04602863392074578,0.07099904346683752,0.05484578494342528,0.08099527914390654
B0005,282,impedance,24.0,0.21292602122806376,0.04648567390467792,0.0668719748641072,0.055453259476974714,0.0748392292244765
B0005,284,impedance,24.0,0.2193468333773706,0.046074556903278246,0.07185437950823023,0.05808949268604193,0.07900611376190819
B0005,286,impedance,24.0,0.21426014465109436,0.045690303777923345,0.06803773155872982,0.05703849864055661,0.07445419405660497
B0005,288,impedance,24.0,0.21902585808132216,0.04569054269480332,0.0717362851128029,0.05639999430512618,0.08181491967012575
B0005,290,impedance,24.0,0.21491066993446065,0.04488123468662766,0.0687069022158338,0.056951772502699796,0.07706935596260868
B0005,292,impedance,24.0,0.21971294861815327,0.046410844444481285,0.07201594778321466,0.057159147914507935,0.08086696623694065
B0005,294,impedance,24.0,0.2144975797439792,0.04506039743260021,0.06824345979669834,0.05595864562729926,0.07609569637070202
B0005,296,impedance,24.0,0.21973679952988995,0.046403006648844926,0.0721334060953817,0.056998793862942924,0.08250100764416027
B0005,298,impedance,24.0,0.21544336707659012,0.04696945413309764,0.06870251611079897,0.05699010907560385,0.07648289029638874
B0005,300,impedance,24.0,0.21984737783453373,0.04582609697601858,0.0723178518064999,0.05791594677751306,0.08175057083151278
B0005,302,impedance,24.0,0.21649615261589208,0.04581647808513414,0.06955520366648545,0.057000769180639774,0.07741124519885696
B0005,304,impedance,24.0,0.22019118387748132,0.04565101338105228,0.07264383010752247,0.0585831887959693,0.08269416457353587
B0005,306,impedance,24.0,0.21596161517989626,0.04581356444624607,0.06923627026545,0.05728256542976495,0.07692027721215688
B0005,308,impedance,24.0,0.2195034710968421,0.04470635137468951,0.07224064485387206,0.05684411239635824,0.082272625759776
B0005,310,impedance,24.0,0.21595637395014533,0.044847575121163344,0.06941130789370614,0.0589529203196688,0.07735170203997428
B0005,311,impedance,24.0,0.22039113773872357,0.046449853948122656,0.07269061963732278,0.05667203462955093,0.08291573296417665
B0005,313,impedance,24.0,0.2153591525671228,0.046115269184648165,0.06856262403596922,0.058223361510524915,0.07615092115486195
B0005,316,impedance,24.0,0.21524011040659202,0.04584336892279944,0.06852674803155401,0.057798377106990255,0.07518971733166918
B0005,318,impedance,24.0,0.21923407436855682,0.04564213750399133,0.07184742412132632,0.05869361561103209,0.08099673983388944
B0005,320,impedance,24.0,0.21479957853045287,0.04477956550937315,0.06851334107144497,0.0581005359089264,0.07604639902387582
B0005,322,impedance,24.0,0.21903841911324065,0.0462341600494593,0.0715558752784379,0.05687355099054793,0.08079234772463807
B0005,324,impedance,24.0,0.21560447698958313,0.04482651437177217,0.06908649428895414,0.057819391216989646,0.07620792252066097
B0005,326,impedance,24.0,0.21944415449777135,0.0456323347787246,0.07210649657370359,0.058401226760293384,0.0816166339541188
B0005,328,impedance,24.0,0.21597660029844715,0.04678906049342722,0.06892575742750871,0.05729597585562558,0.07603115808018222
B0005,330,impedance,24.0,0.21996615804292455,0.04558155073667224,0.07236894720754637,0.05713926164978321,0.08203042743610463
B0005,332,impedance,24.0,0.216627101688169,0.046328698342007445,0.0694666037367946,0.057011915661303356,0.07793753101024108
B0005,334,impedance,24.0,0.22029790325920257,0.04547409839127998,0.07276119960728095,0.056846750542401,0.08430934905296765
B0005,336,impedance,24.0,0.21588931232616607,0.04532343137942025,0.06924634048649199,0.05739160457574554,0.07732083011265528
B0005,338,impedance,24.0,0.22101132990996009,0.046045563416172317,0.0729484379175519,0.05971458306876328,0.08128077873787101
B0005,340,impedance,24.0,0.21617081809235628,0.0454159441859951,0.06939838410630264,0.05669401159445664,0.07756322518442982
B0005,342,impedance,24.0,0.2206677431093822,0.044472256367510926,0.07318612922717395,0.057876489486257204,0.0827621596207595
B0005,344,impedance,24.0,0.2167968903544331,0.04570755962494066,0.06983799202649728,0.05711363659055292,0.07889973426640497
B0005,346,impedance,24.0,0.22095477134446262,0.04613023381640014,0.07295464459768236,0.057106052592570886,0.08389339159553517
B0005,348,impedance,24.0,0.21756693032180002,0.0464993151809502,0.07024137887524995,0.058410674041032944,0.07787942798165798
B0005,350,impedance,24.0,0.22064335023607798,0.045188056280448155,0.07299881823540734,0.05832440115222774,0.0823356083860003
B0005,352,impedance,24.0,0.21616794625609528,0.04500941556207789,0.06952078177765107,0.057206589538471034,0.07814181670188959
B0005,354,impedance,24.0,0.22041404458648423,0.045579191373715924,0.07283919658375153,0.05853988727737317,0.08259957408588693
B0005,356,impedance,24.0,0.21683830715938893,0.04627690234926215,0.06966703118457868,0.0568695950036647,0.07851971117292988
B0005,358,impedance,24.0,0.22194627459417493,0.04651913130062689,0.07371527424735357,0.057610002271573896,0.08361769407052744
B0005,360,impedance,24.0,0.21700500560756508,0.04474636169959477,0.07017145189153866,0.05758927754908643,0.07858483851402417
B0005,362,impedance,24.0,0.22167768174838293,0.046161918944990374,0.07359076066851511,0.05687744083786221,0.08453629957179691
B0005,364,impedance,24.0,0.2176333060406066,0.04594622458874235,0.07026702636417219,0.05841225795718409,0.07816622903600336
B0005,367,impedance,24.0,0.21785595952609163,0.0455916630838903,0.07051174569232894,0.058982855797460765,0.07840869791471827
B0005,369,impedance,24.0,0.22183922406221934,0.045396916599863044,0.07372975760950377,0.06019789084807145,0.08377346645248043
B0005,371,impedance,24.0,0.2180104192073952,0.046047321071385684,0.07053791089757987,0.05843281496253658,0.07878612106344238
B0005,373,impedance,24.0,0.22267808065063924,0.045676942829045115,0.07444454333369038,0.05988352416265757,0.08361156763608181
B0005,375,impedance,24.0,0.22099026068221267,0.04642858529876002,0.07270698794539683,0.06081675929565647,0.08038388778322308
B0005,377,impedance,24.0,0.22241166528667533,0.04526337839398908,0.0741866372611908,0.058875120497055886,0.08370562422038381
B0005,379,impedance,24.0,0.21821347387633686,0.04560393037021182,0.07084427295816796,0.058641305762534054,0.07856327599613487
B0005,381,impedance,24.0,0.22285015580225376,0.04634885196312175,0.07427939099720675,0.05844518592952695,0.0843513765148262
B0005,383,impedance,24.0,0.2191863329955988,0.04601534677933914,0.07156283463552056,0.05925711282693887,0.08002743252583437
B0005,385,impedance,24.0,0.22250816220487973,0.04602567893461498,0.07410346464655347,0.06055121054997781,0.08328051476741821
B0005,387,impedance,24.0,0.21858164849126727,0.04605665746077026,0.07098936482730835,0.05877801771423867,0.07918337546950212
B0005,389,impedance,24.0,0.22191075013472772,0.045251226214223325,0.07389515191354114,0.05995025589217596,0.0831904359131708
B0005,391,impedance,24.0,0.2183658273476246,0.04619573518811416,0.0707490499116813,0.05835227769750316,0.07964710418735362
B0005,393,impedance,24.0,0.22217596374399864,0.045345723167839955,0.07422008063414055,0.05956501303684226,0.08487011380929321
B0005,395,impedance,24.0,0.21853557830409054,0.04486692236825941,0.07115306518429597,0.058938187317504366,0.07953792065559018
B0005,397,impedance,24.0,0.222918577315259,0.045354897219570776,0.07459613133582471,0.059853349010250065,0.08473917663733575
B0005,399,impedance,24.0,0.21846412294279904,0.045962122355527456,0.07086435676110088,0.0584896827626018,0.07964370546866237
B0005,401,impedance,24.0,0.2233402005096772,0.04584750361583061,0.0748645684032806,0.05874548029308314,0.08711721350349075
B0005,403,impedance,24.0,0.21926552797740118,0.04606694033547084,0.07141162992650649,0.06134060755888107,0.07733665024296885
B0005,405,impedance,24.0,0.22319659772685388,0.04599990077960227,0.07487682956535166,0.06083767084489383,0.08490902777488013
B0005,407,impedance,24.0,0.21924868723183538,0.04550001488312541,0.07158716502728879,0.05834271794334396,0.07994246159333938
B0005,409,impedance,24.0,0.22339539407500997,0.046187760427106796,0.07487220518466564,0.05993762786815949,0.08479950183605617
B0005,411,impedance,24.0,0.21899658693633045,0.04572444419303256,0.07130318883349591,0.05979534226516758,0.07964682734703848
B0005,413,impedance,24.0,0.22357100184706738,0.0456144918465058,0.07516795824256862,0.05959588691816853,0.08518775171680287
B0005,415,impedance,24.0,0.2196708890108745,0.04626064314667143,0.07168595765192762,0.05920398197966059,0.08007181105183933
B0005,417,impedance,24.0,0.22415338776030586,0.04586763956753831,0.07551014113998242,0.058400743519397356,0.08632938236969102
B0005,419,impedance,24.0,0.22039008375473546,0.04585173931448708,0.07232355715025558,0.06134389439332634,0.07989290542746168
B0005,421,impedance,24.0,0.22401774054811002,0.04556978445247769,0.07550060881445411,0.06260506440345279,0.08502111899525971
B0005,423,impedance,24.0,0.21994336365434397,0.046069257179849284,0.07184329850428982,0.05881986188457543,0.07914854798469835
B0005,425,impedance,24.0,0.22409647326422868,0.04555356516357602,0.07534970979972863,0.06115195391732467,0.08485577620272611
B0005,427,impedance,24.0,0.21993968139860254,0.045515622580615804,0.07204612386924777,0.060462461899175826,0.08092668356466791
B0005,429,impedance,24.0,0.22321748437560068,0.04519486055924624,0.07496931936875426,0.059630601199984506,0.0850345675980089
B0005,433,impedance,24.0,0.22085124004088555,0.04616767810305565,0.07243252139505886,0.06160738568225919,0.08020127504914304
B0005,435,impedance,24.0,0.22553397998113273,0.046694897757739384,0.07604677297560618,0.060986669920577066,0.08583976882422588
B0005,437,impedance,24.0,0.2214604778445717,0.047067557907170356,0.07282940083537603,0.060802701783849895,0.08185255727094856
B0005,439,impedance,24.0,0.22469488367417714,0.045957193391914904,0.0759015403510849,0.06100425704109886,0.08588436114872877
B0005,441,impedance,24.0,0.22249146791526092,0.0463610335999025,0.073702443479892,0.06147075614169803,0.08170752156365965
B0005,443,impedance,24.0,0.22686311612744353,0.046984041595674125,0.07728171380082255,0.06232914782727364,0.08822161138920462
B0005,445,impedance,24.0,0.22226772488527752,0.04669338289153697,0.07360141106884364,0.062141039518508724,0.08177099146255969
B0005,447,impedance,24.0,0.22672201046572393,0.046902798066856,0.07709823162964699,0.061502762788551504,0.0872699062901812
B0005,449,impedance,24.0,0.22218883760133937,0.04606411363460902,0.07359970116461441,0.059631149799839814,0.08257600572707498
B0005,451,impedance,24.0,0.22640661209361249,0.04673495803117446,0.07683439823563991,0.06141907994833745,0.08720378292525818
B0005,453,impedance,24.0,0.22230910794812855,0.0461681495121411,0.07369036294340019,0.061083512551729904,0.08239994758407483
B0005,455,impedance,24.0,0.22573502005928073,0.046410711597850776,0.07673183205363651,0.06121665145307191,0.0872819262712242
B0005,457,impedance,24.0,0.22227566112143976,0.04670904219884534,0.0736751728723275,0.06148387399714281,0.08269579716686087
B0005,459,impedance,24.0,0.22681491909061285,0.046684267633867495,0.07743058466910617,0.062704070176938,0.08679111809854424
B0005,461,impedance,24.0,0.22289528258126579,0.04693176688345426,0.07406540080079385,0.0617088861822979,0.08329169748855401
B0005,463,impedance,24.0,0.22664446941958075,0.045828271465400736,0.0775000292454894,0.06172613583587411,0.0883779260119075
B0005,465,impedance,24.0,0.22252692034908256,0.0467989840847891,0.0739302151713477,0.06088889899741356,0.08311038310685015
B0005,467,impedance,24.0,0.22627221233483433,0.04563273877792926,0.07724725656610054,0.06185223703499693,0.08697922184678317
B0005,469,impedance,24.0,0.22279580462523585,0.04596637610921723,0.07417502819778299,0.06106743458543022,0.08375435203587812
B0005,471,impedance,24.0,0.22777107922639842,0.04577172353859694,0.07834977322656786,0.06310358102659182,0.08852234569242505
B0005,473,impedance,24.0,0.22279696293385257,0.04662453024716517,0.07383772506335182,0.06084445004689351,0.08308225537417147
B0005,475,impedance,24.0,0.2276355087022342,0.04725335269002684,0.07783285298438343,0.06228746060457266,0.08923087570947913
B0005,477,impedance,24.0,0.22486231673008172,0.04566332030120244,0.07571121563638658,0.06351594916063175,0.08411816433198452
B0005,479,impedance,24.0,0.2270649515004508,0.04640866102843063,0.07770149253289016,0.06270549893166993,0.08838724457648714
B0005,485,impedance,24.0,0.2128513929403293,0.046095425439363624,0.06706390617658466,0.05609876336075707,0.0751803131352498
B0005,487,impedance,24.0,0.21631796836577757,0.04563759613301987,0.07005503572313526,0.053286381622558374,0.08156856568421471
B0005,489,impedance,24.0,0.21275120732933975,0.04566476887920514,0.06703449997001598,0.05438777538615831,0.07604192318654494
B0005,491,impedance,24.0,0.21787917297007034,0.045417934450468614,0.07115691527457593,0.05293147474045376,0.08275693411495888
B0005,493,impedance,24.0,0.21301833571373222,0.04577784314257315,0.06725185173282608,0.054476476622608364,0.07673140547029404
B0005,495,impedance,24.0,0.21819884584218743,0.045819753799564024,0.07133215475532516,0.05588929297745871,0.08226321054006082
B0005,497,impedance,24.0,0.21341391561140013,0.04591590478576452,0.06757454967318179,0.05599607903184257,0.07651440849093617
B0005,499,impedance,24.0,0.21772298880150892,0.04537252682680215,0.07112754879668669,0.05841778368115902,0.08029809490533976
B0005,501,impedance,24.0,0.21297245409421767,0.04558223770734825,0.06730592634423985,0.052279965818119264,0.07486615123258515
B0005,503,impedance,24.0,0.2183686715369021,0.04540769767896808,0.07140960531329467,0.056411433170262516,0.0819223123309917
B0005,505,impedance,24.0,0.21282268492694226,0.045001824420277725,0.06735863940167366,0.05350804531294866,0.07610419438082021
B0005,507,impedance,24.0,0.2184093754920228,0.046785521889564786,0.0713080019890253,0.05568015964086863,0.08177399086572994
B0005,509,impedance,24.0,0.21369705460883393,0.04647737820091091,0.06761798844510221,0.053892806183993766,0.07778309560578801
B0005,511,impedance,24.0,0.21852476463579246,0.04519030709753768,0.07183132726363844,0.056210257603528525,0.08328067168438782
B0005,513,impedance,24.0,0.2138100887294359,0.04582525427502953,0.06782404308372458,0.05500261254176024,0.0770552542641119
B0005,515,impedance,24.0,0.2184969365231191,0.045944178172184776,0.07148270573573265,0.05579452141186236,0.0829501208969064
B0005,517,impedance,24.0,0.2140002470124587,0.046224926006695345,0.06778358675716804,0.055477936916064945,0.07700167355105111
B0005,519,impedance,24.0,0.21889954857354257,0.04610180105225052,0.07172736788325164,0.057799714665998925,0.08190303229216056
B0005,521,impedance,24.0,0.21370381002615202,0.045242276434706796,0.06785580509084883,0.055131598162180676,0.07705565644815345
B0005,523,impedance,24.0,0.21865217162346579,0.045666016991034994,0.07179748045171448,0.05577529472858128,0.08294674118422612
B0005,525,impedance,24.0,0.21397971528558662,0.04491766313924393,0.06817712762107568,0.05581143896033036,0.07655193817591452
B0005,527,impedance,24.0,0.2186981353503228,0.04467602425654581,0.07199900369064798,0.056559391313402284,0.08237490117893426
B0005,529,impedance,24.0,0.21429322454500754,0.046054900676715846,0.06822923683188367,0.05517339070760031,0.07730223904611441
B0005,531,impedance,24.0,0.21948534462648778,0.04612418634335524,0.0721764016648393,0.05334424687864744,0.08448562230827522
B0005,533,impedance,24.0,0.21557325245893583,0.04579643223655461,0.06914105271519101,0.05620338276580351,0.07843574895859332
B0005,535,impedance,24.0,0.21951492034069278,0.045805574838596395,0.07217664961585289,0.056262478978249195,0.0830662312193171
B0005,537,impedance,24.0,0.21522904429356116,0.04582879018792774,0.0688552582745113,0.054122848764169285,0.07853439066990606
B0005,539,impedance,24.0,0.21962744583499244,0.045810263091822775,0.07237535892093516,0.05339424998746291,0.08335635527903888
B0005,541,impedance,24.0,0.21492523851159168,0.04597003969000737,0.06863718718964541,0.05545823824882687,0.07866069372174239
B0005,543,impedance,24.0,0.22382145750845409,0.04614283769109604,0.07548120984441288,0.05854525235071128,0.08836885185980756
B0005,545,impedance,24.0,0.2184430086528039,0.04566807249086154,0.07116545061921464,0.057849417299627566,0.08078773867849699
B0005,548,impedance,24.0,0.2190160226863055,0.04547166411478228,0.07153428055778034,0.05861499608457943,0.0815465143150512
B0005,550,impedance,24.0,0.22337933236771557,0.04592746056308501,0.07509327332372073,0.06142385686894261,0.08496390395839584
B0005,552,impedance,24.0,0.21908968927858755,0.04615237304962493,0.0714034557841868,0.05514590684509453,0.08131922130895523
B0005,554,impedance,24.0,0.22401212783347557,0.04645728054846088,0.07535074480843226,0.05952338030179974,0.08720833121299235
B0005,556,impedance,24.0,0.22019291040192163,0.04523076576550597,0.0725721860807996,0.060395218506932496,0.08118649064632041
B0005,558,impedance,24.0,0.22424971548448186,0.046065984549372406,0.07576700371214413,0.05926159085880675,0.08777868669454861
B0005,560,impedance,24.0,0.22011370110086365,0.045869894570778745,0.07228264180117222,0.05837332151817875,0.08168688613354813
B0005,562,impedance,24.0,0.22419526504776247,0.04544082553651289,0.07588742083427068,0.05952378458944331,0.08843007755224046
B0005,564,impedance,24.0,0.21969905114078553,0.04585432878552789,0.0720796779955357,0.058915317530095296,0.08242888973447615
B0005,566,impedance,24.0,0.22398777241423798,0.04597900600813451,0.07555762849332526,0.05967664811705819,0.08584374973711092
B0005,568,impedance,24.0,0.21958163801505537,0.045881341931612626,0.07189986973486558,0.05679308055986898,0.08277241951062583
B0005,570,impedance,24.0,0.22350694003288996,0.045316097580511555,0.07535171621505916,0.05975988463048883,0.08662483639594361
B0005,572,impedance,24.0,0.22201509022834803,0.04613429329565374,0.07369114775355866,0.061548802456462645,0.08166650115809095
B0005,574,impedance,24.0,0.22360502604197854,0.0449483984859314,0.07550488934450086,0.05950259165745283,0.08636882918668189
B0005,576,impedance,24.0,0.21907209521047102,0.04483760169625073,0.07182452516569231,0.05815785715365463,0.08076638409033879
B0005,578,impedance,24.0,0.22476602299807885,0.0452377587723588,0.07639590752497213,0.05955598055289399,0.08821831541627395
B0005,580,impedance,24.0,0.2200938518981686,0.045933317746475834,0.07221207546233076,0.05998242374388253,0.08040837607181418
B0005,582,impedance,24.0,0.2246938109581033,0.046783044186223,0.07597389642277805,0.05949136479118529,0.08873029794077426
B0005,584,impedance,24.0,0.2197913121455143,0.0446445427582383,0.07237081084589066,0.06032121649663735,0.080340961111739
B0005,586,impedance,24.0,0.22472495343944976,0.04540779163266951,0.07620274680619916,0.06052114924707915,0.08753623977970666
B0005,588,impedance,24.0,0.2202964131545431,0.04623828829899773,0.07243669733127424,0.05960681398165175,0.08219508357127864
B0005,590,impedance,24.0,0.2250171913829887,0.04567663787195112,0.0764293886024507,0.05982677899726283,0.08853801860235527
B0005,592,impedance,24.0,0.22093537626992332,0.04619481844215947,0.07275371693696538,0.061154671315268125,0.0812995137183745
B0005,594,impedance,24.0,0.2243161400131491,0.04487181068819038,0.0763160235045692,0.057944393691446945,0.08890519876854222
B0005,596,impedance,24.0,0.21993886180762334,0.04502625208975,0.07230451930104968,0.05499483450370441,0.08325251281361706
B0005,598,impedance,24.0,0.2251909739821205,0.04674201246107547,0.07628029523728161,0.06175931225184275,0.0847212726764891
B0005,600,impedance,24.0,0.220050083849099,0.04553689511368428,0.07252757777841688,0.058456129317427746,0.08270193673891646
B0005,602,impedance,24.0,0.22461974209268876,0.04663271027270527,0.07586886992412932,0.05898908039586478,0.08573621892771217
B0005,604,impedance,24.0,0.22048019340544373,0.04483186463591313,0.07271297650406255,0.05880084419395591,0.08236983437565949
B0005,606,impedance,24.0,0.2245756267442986,0.04534957437260478,0.0761585949025686,0.05763029720163586,0.08742389347930328
B0005,608,impedance,24.0,0.2202512985317615,0.04520221450138752,0.07260760350523182,0.05898388938334406,0.08252211755101288
B0005,610,impedance,24.0,0.22468200326693913,0.04665823868068964,0.0760000116537885,0.057823749393303175,0.08975687046479841
B0005,614,impedance,24.0,0.2084173374183529,0.04519576166548186,0.06423262758595619,0.05003573195803179,0.07479234613687553
B0006,40,impedance,24.0,0.17392332400573163,0.102452732156759,0.07133740851337134,0.06123359021000344,0.0785415394665875
B0006,42,impedance,24.0,0.11914854680467352,0.3162355322031341,0.07448384317545288,0.06561684946388616,0.0886832084583472
B0006,44,impedance,24.0,0.1753434582638184,0.09215358678474744,0.07048918261456902,0.06062991544979002,0.07802409378290423
B0006,46,impedance,24.0,0.15538382799590872,0.1556139995311469,0.07316392092741107,0.0626250732462495,0.08533725531470857
B0006,48,impedance,24.0,0.17833575502985677,0.07429637615575269,0.07095958344439225,0.0608598716542857,0.07840240203025303
B0006,50,impedance,24.0,0.1495328004696905,0.17865260524890264,0.07269395088408397,0.062249571082343746,0.08440849663820382
B0006,52,impedance,24.0,0.17832187378275371,0.07724896313145946,0.0703252652778347,0.06006450818180178,0.07807093382204865
B0006,54,impedance,24.0,0.1863217439341871,0.054848884799616665,0.0728260696051208,0.062201023860373954,0.08437084638397113
B0006,56,impedance,24.0,0.18230994717684026,0.05173429494531981,0.06988992858028796,0.05913130853407464,0.07795570757873038
B0006,58,impedance,24.0,0.15458407344039288,0.15643870968954457,0.07243385313473792,0.06207350175489952,0.0838418603746595
B0006,60,impedance,24.0,0.17924178343455946,0.07677345024632175,0.07123109593583728,0.06059698754511872,0.07938182566133384
B0006,62,impedance,24.0,0.1551183554921433,0.15814749709650902,0.07249164280647592,0.06200595535926761,0.08243346882486241
B0006,64,impedance,24.0,0.16375326525684503,0.12435240879679024,0.07117165731118638,0.0604355089729667,0.07949409294266127
B0006,66,impedance,24.0,0.15549051987157142,0.1560744723570188,0.07332389928059971,0.06251817310661875,0.08413790663872997
B0006,68,impedance,24.0,0.17838348798431675,0.07745777878415817,0.07076486960481933,0.0598822703747387,0.07871218357298479
B0006,70,impedance,24.0,0.15373755031009811,0.15724589856407722,0.07155078153306356,0.060953270532872306,0.08269288603896705
B0006,72,impedance,24.0,0.17932978874989408,0.08040204411372047,0.07164425903566912,0.06058721482266893,0.07989533922911993
B0006,74,impedance,24.0,0.15595313960467178,0.1585761428489341,0.0731274180425882,0.06236564071812447,0.08389054593182355
B0006,76,impedance,24.0,0.16079420756898483,0.13385450544607388,0.07176964649367398,0.06090836519034555,0.0797490751361702
B0006,78,impedance,24.0,0.15553789777643656,0.1579387142438848,0.07293243418812025,0.0623876560738503,0.08427447476572261
B0006,80,impedance,24.0,0.18689779159753694,0.05254574826954406,0.07167994937019344,0.060369152473069135,0.08014506815871338
B0006,82,impedance,24.0,0.1798280843307199,0.07603722321325034,0.07145498956602979,0.06209144685667864,0.08164302964777198
B0006,86,impedance,24.0,0.1886063339960668,0.05378298007488922,0.07269970261486312,0.06356536156604609,0.08150834385680611
B0006,88,impedance,24.0,0.187514670719285,0.052765236399509904,0.07248134451091451,0.06232003183337441,0.08021169162372531
B0006,90,impedance,24.0,0.18823064594927819,0.052722964382536916,0.07266484957384718,0.06294168193775251,0.08199172562670037
B0006,92,impedance,24.0,0.1878764261823913,0.05214383562571982,0.07287208882314247,0.06189122330035962,0.08120805787615462
B0006,94,impedance,24.0,0.18822814528876203,0.0540150937283691,0.07245277080571927,0.0628654066217946,0.08144682676052387
B0006,96,impedance,24.0,0.1886237079153832,0.05247178659382417,0.07311635922390568,0.06171642129064926,0.08150165216580176
B0006,98,impedance,24.0,0.18892610165323864,0.0530306567087769,0.07318802468140086,0.06291524637705144,0.08277116642147596
B0006,100,impedance,24.0,0.18869707033364408,0.05359267976029085,0.07309861779681195,0.06199878481176484,0.08138761044036787
B0006,102,impedance,24.0,0.18883113460078696,0.052152094078317814,0.07311317257829214,0.06307762333013402,0.08287146905081498
B0006,104,impedance,24.0,0.18901352016959364,0.05206125597811088,0.07346228203618387,0.06250406054880163,0.08169124692338582
B0006,106,impedance,24.0,0.18923547980364822,0.05315064231934925,0.07306993603973606,0.0627995855607608,0.0818468337271938
B0006,108,impedance,24.0,0.18819794691007435,0.05233831204748216,0.07302191953145197,0.06201388686472383,0.08131610081343171
B0006,110,impedance,24.0,0.1891443728539236,0.052902562755739624,0.07322989279873703,0.06308360062643197,0.08264257683503572
B0006,112,impedance,24.0,0.18800351931711495,0.05146279220601316,0.07305023849410584,0.06183019217410585,0.08120435160553863
B0006,114,impedance,24.0,0.19029010161426543,0.05412860112493181,0.07368489566680626,0.06313290641362876,0.0837217579093773
B0006,116,impedance,24.0,0.19112952755966917,0.05255699627166778,0.07478426511633046,0.06282694657880761,0.08347157844651079
B0006,118,impedance,24.0,0.1896900865651477,0.05218712012503506,0.0738455003564318,0.06336352421336121,0.0837975537463188
B0006,120,impedance,24.0,0.19131535671213143,0.051322783699093814,0.07528774027985993,0.06349817571333986,0.08385488671663242
B0006,122,impedance,24.0,0.18977126809386968,0.05212168672454566,0.07382143931006861,0.06264078681571249,0.08299028292337617
B0006,124,impedance,24.0,0.18941485883565395,0.05265428233048323,0.07363035146494532,0.060945139936148515,0.082015904986437
B0006,126,impedance,24.0,0.19073916448916411,0.05262964798844508,0.07421680527415565,0.06395085325023771,0.0832684036551876
B0006,128,impedance,24.0,0.19139119387445094,0.05250481665535014,0.07493586911188789,0.0639175801612165,0.08216571708748939
B0006,130,impedance,24.0,0.18967105670670104,0.05289306779227431,0.07357010659659348,0.061914442984428886,0.0827944269463386
B0006,132,impedance,24.0,0.18998381774792242,0.053406009134930266,0.07382501538084495,0.06223664045181756,0.08227519539898062
B0006,136,impedance,24.0,0.19116821206160778,0.05274863274500294,0.07443632571977941,0.06368589032225634,0.08410980261203092
B0006,138,impedance,24.0,0.18995028214209597,0.05107397860950655,0.07439642264783405,0.06203106446308808,0.08319177703888532
B0006,140,impedance,24.0,0.19121329962181632,0.05346066752480757,0.0744436247668473,0.06394139531038306,0.08439590554803003
B0006,142,impedance,24.0,0.1909117173726964,0.05195108124364618,0.07491026515585028,0.06250649038034015,0.08426848073493345
B0006,144,impedance,24.0,0.1906502994058053,0.05151016584954685,0.0746224049733126,0.06334074841835481,0.08443325960211569
B0006,146,impedance,24.0,0.19104778131316463,0.05271240656118068,0.0748221174127363,0.06261533272747599,0.0839721783477321
B0006,150,impedance,24.0,0.19099992441622787,0.05289378030237759,0.0742115808787159,0.0659851482712769,0.08205908433058269
B0006,152,impedance,24.0,0.18949428461450768,0.05284719289028195,0.07357204073487593,0.0645724621588098,0.08034229300933068
B0006,154,impedance,24.0,0.19157761215796953,0.05326695226031762,0.07455810726281199,0.06584265367322818,0.08228467898593818
B0006,156,impedance,24.0,0.19048289529461152,0.05248912376121297,0.07439259421963752,0.06368615846693702,0.08236363977175419
B0006,158,impedance,24.0,0.19287306695054635,0.05325462418168363,0.07549187727571373,0.06586299475840429,0.08404816384807184
B0006,160,impedance,24.0,0.19028813091550256,0.05148266499082526,0.07426983674904265,0.06291209789909709,0.08214102281998399
B0006,162,impedance,24.0,0.1914733400323391,0.05332689211619325,0.0746033253183675,0.06445446289569287,0.08372729247372598
B0006,164,impedance,24.0,0.19070588274211508,0.051405379127621983,0.07468282070774937,0.06366741172107057,0.08296956725555057
B0006,166,impedance,24.0,0.19179108364457675,0.05311430364137101,0.0748130943981554,0.06449971024722613,0.08439116060930645
B0006,168,impedance,24.0,0.19171368640625502,0.0516226278148965,0.07534439953515823,0.06454586928056331,0.08390558187210605
B0006,170,impedance,24.0,0.191769389283883,0.05242003202729707,0.07484526972113052,0.06462222077599941,0.08347874261289515
B0006,172,impedance,24.0,0.1921009811025061,0.05243204645858624,0.07534088433239926,0.06441730776729335,0.08332080296168762
B0006,174,impedance,24.0,0.19214045926007917,0.05227619975989752,0.07523668872331846,0.06535744633615422,0.08372284778321133
B0006,176,impedance,24.0,0.19410539311580657,0.05259135856732736,0.07669934442462327,0.06517362934686399,0.08478155339352322
B0006,178,impedance,24.0,0.19400190938014297,0.05316807449084342,0.07633059088571416,0.0657374096950185,0.08640081854624075
B0006,180,impedance,24.0,0.1921785453754668,0.05103511871440735,0.0756639723913358,0.06359515956336817,0.08418492196132377
B0006,182,impedance,24.0,0.19403877876911535,0.053221205613153466,0.07630002625320217,0.06569551042223239,0.08528415424415496
B0006,184,impedance,24.0,0.1943129678269147,0.050915897091446,0.07715044663624558,0.06528547500729169,0.08605041403439097
B0006,186,impedance,24.0,0.19528947615985637,0.05297528166209177,0.07724816779008535,0.06608858001407364,0.08697381626854853
B0006,188,impedance,24.0,0.1954633521732471,0.05260916889644736,0.07750694783972005,0.06653396257005847,0.08674821993371198
B0006,190,impedance,24.0,0.1959779861094964,0.052373099656325424,0.07760449496077382,0.0673918549622027,0.0861118887620564
B0006,192,impedance,24.0,0.1963013372870393,0.05213316367667284,0.07816358690693384,0.06634112534272091,0.08720558299891104
B0006,194,impedance,24.0,0.1952107995352539,0.05221577124472382,0.07731398048441643,0.0671457542138853,0.08632770749811566
B0006,196,impedance,24.0,0.1964296721392052,0.051232194018906926,0.0783950877496248,0.06590996191117977,0.08712834097374948
B0006,198,impedance,24.0,0.19620058574841442,0.052382686051965,0.07794235563917531,0.06656218407046685,0.0876302548566821
B0006,200,impedance,24.0,0.19674117322908136,0.052730902698875655,0.07846259390736868,0.06605623626692969,0.08756285633165226
B0006,202,impedance,24.0,0.1964292499244058,0.0524609004680141,0.07809353955628352,0.06683041793365703,0.0881304972895854
B0006,204,impedance,24.0,0.1969045543078825,0.05235027931081298,0.07866809638168905,0.06590274256382748,0.08820859113319164
B0006,206,impedance,24.0,0.19703707395845685,0.05196652182625785,0.07863260126155634,0.0671228648017542,0.08952481378716437
B0006,208,impedance,24.0,0.19839154840430773,0.05246939205369264,0.07944956982108603,0.06791172070092616,0.08831509615303365
B0006,210,impedance,24.0,0.1973499770952749,0.05242634954765125,0.07868471646805446,0.06804767963498151,0.08818918574404519
B0006,212,impedance,24.0,0.1975964487790614,0.05179651693759909,0.07910950133033205,0.06674377333784236,0.08857968181390717
B0006,216,impedance,24.0,0.1982439185495515,0.052914674350487544,0.07922865357924234,0.06787371479427354,0.08934891169767059
B0006,218,impedance,24.0,0.19857302670656934,0.05317326362313783,0.07952633704871445,0.06641297510611752,0.0895032370200492
B0006,220,impedance,24.0,0.19970634906223642,0.053694454925527366,0.07999815709042418,0.06842378612071928,0.0901555365219136
B0006,222,impedance,24.0,0.1986094210753772,0.05132844950111803,0.08001101000409992,0.06686868471567307,0.08981021390663306
B0006,224,impedance,24.0,0.19890705626423555,0.05216252382427072,0.07981596714866897,0.06826417312265938,0.09040770934408239
B0006,226,impedance,24.0,0.2004359317270734,0.05301274760409289,0.08089983890396915,0.0675638979208385,0.09093282660720825
B0006,228,impedance,24.0,0.19833280045099766,0.053068848686835104,0.07926424224197254,0.06774703943897442,0.0901563443871731
B0006,230,impedance,24.0,0.2005362591001097,0.05182096722026583,0.0810627547523825,0.06767916633501396,0.09097518732194294
B0006,232,impedance,24.0,0.20002156104201818,0.0522066904928779,0.08061845188875061,0.06860934588238804,0.09068687374298401
B0006,234,impedance,24.0,0.20147889294711388,0.05226649587165003,0.08162781633201147,0.0679726933427561,0.09232410955240872
B0006,236,impedance,24.0,0.19888230281031993,0.05130867046922572,0.07998174967282641,0.06856628257658516,0.09028017093370612
B0006,238,impedance,24.0,0.20123019469627104,0.05102722791232796,0.08174879812201234,0.06833354741887734,0.09201668954083403
B0006,240,impedance,24.0,0.19980008005207983,0.05166676424474995,0.08054082145458259,0.06838165618496082,0.09097113788599188
B0006,242,impedance,24.0,0.20204338315831688,0.051455522826289665,0.08224480344479185,0.06885136093381199,0.0925822548520223
B0006,244,impedance,24.0,0.200198360259219,0.05139521797952268,0.08075817442170709,0.06936455209326015,0.09111307751610045
B0006,246,impedance,24.0,0.20301075119728157,0.05158400379495569,0.08284723358525845,0.06906646906873301,0.0934909607320899
B0006,248,impedance,24.0,0.20103177051693755,0.05199304652297776,0.08134820837805183,0.06981284024900297,0.09154323806605419
B0006,250,impedance,24.0,0.20329840295371066,0.05102883385921606,0.0831796451398768,0.06870914709601504,0.09387730518518865
B0006,252,impedance,24.0,0.20182879836538636,0.05263837407780589,0.08166345359570407,0.06972534834514055,0.09161565328372992
B0006,254,impedance,24.0,0.20299573944253435,0.05109932256779848,0.08311622210390616,0.06952595566680789,0.09418623001298362
B0006,256,impedance,24.0,0.20121263287860772,0.05138089094244499,0.08156534490495268,0.06923026401542158,0.09233738103251986
B0006,258,impedance,24.0,0.20264438004860946,0.05285908005127241,0.08235518312196469,0.06825231466048369,0.09343980119280403
B0006,260,impedance,24.0,0.20111764737365384,0.05303357103561587,0.08124668094062736,0.06891786116947377,0.09149357719093887
B0006,262,impedance,24.0,0.20519727079866124,0.052626489398998756,0.08413369164992593,0.06960330384223117,0.09561343002331575
B0006,266,impedance,24.0,0.2025533173870464,0.05141887115340567,0.08234883016668659,0.07057714520177544,0.0924269028093456
B0006,268,impedance,24.0,0.20422950844386537,0.05195477339599799,0.08369652268794185,0.06944383967261045,0.09508674404018921
B0006,270,impedance,24.0,0.20205433264168743,0.05323046452863853,0.08171437308136284,0.06983595497026351,0.09248565148585214
B0006,272,impedance,24.0,0.20408602162834072,0.05152991265380079,0.08373972566427376,0.0692409257238966,0.09541147475162996
B0006,274,impedance,24.0,0.2025442958741724,0.050987774433067116,0.08260714925331786,0.06990013486335687,0.09343565348198297
B0006,276,impedance,24.0,0.2050787657788848,0.05260455947004846,0.08422740646629677,0.07018023704211739,0.09580053634249773
B0006,278,impedance,24.0,0.2040397452192181,0.05293952611661841,0.0832074789226632,0.07073773149658581,0.09452066543188685
B0006,280,impedance,24.0,0.20528843079776737,0.05229681265192065,0.08438298846740988,0.07032112501568692,0.09530176637205882
B0006,282,impedance,24.0,0.20355732280765673,0.0525215006502252,0.08281689342131571,0.07084182825182998,0.09379226536803063
B0006,284,impedance,24.0,0.20440583568581744,0.05279407486694741,0.08357306635010438,0.06930780981897802,0.09454813120638911
B0006,286,impedance,24.0,0.203914830081445,0.05322945681745084,0.08298173666337365,0.07177894475349142,0.09233933765862073
B0006,288,impedance,24.0,0.2060249494694117,0.052773674846967586,0.08458600183391897,0.07066012489753228,0.09558033908197718
B0006,290,impedance,24.0,0.2034192059320498,0.05150705062050089,0.08299701884242391,0.07090729696873323,0.0926979751716576
B0006,292,impedance,24.0,0.2059027869785358,0.05240386905740875,0.0849330280668387,0.07048796563268331,0.09637484690828765
B0006,294,impedance,24.0,0.20254261694117015,0.05168768905510647,0.08253269762108217,0.07018463941503206,0.09351139693183291
B0006,296,impedance,24.0,0.20735888171181294,0.05171354849383061,0.08584755267061162,0.071253157527167,0.09693308592499948
B0006,298,impedance,24.0,0.20487027430510332,0.05164694117752638,0.08406920795792383,0.07186743983607999,0.09465159812302526
B0006,300,impedance,24.0,0.2080467531038457,0.05168382507256092,0.08641083161399084,0.07290881656804299,0.0968587759009549
B0006,302,impedance,24.0,0.2050360545077013,0.052237004355696656,0.08387763516055484,0.07182020327017155,0.09406289629370085
B0006,304,impedance,24.0,0.20748046411310678,0.05197708191944916,0.08591216167559142,0.0725103674563298,0.09660159139822988
B0006,306,impedance,24.0,0.20500686684170583,0.05153243260479678,0.08412240885476202,0.07177478049617578,0.09532003488084542
B0006,308,impedance,24.0,0.20670711227364327,0.051406932948300024,0.08558432347588749,0.07088794010729621,0.09740741420439394
B0006,310,impedance,24.0,0.2037140061869426,0.05180737684175013,0.08308406948727538,0.07036836968833657,0.09274330283644272
B0006,311,impedance,24.0,0.2063704890512666,0.05239883605676992,0.08493741723975966,0.07141473238066469,0.09614920599785416
B0006,313,impedance,24.0,0.20172327722349154,0.05273939729077296,0.08144451481752028,0.07075152805097641,0.09048196250260114
B0006,316,impedance,24.0,0.20198718927963483,0.052562262641925504,0.08168434386385072,0.07083150479026026,0.09066604075689752
B0006,318,impedance,24.0,0.2034575342266619,0.05272630654878389,0.08285974991366586,0.07030413873328058,0.0930529362512398
B0006,320,impedance,24.0,0.20326496111724884,0.053430714573242354,0.08236608824898374,0.07118362015441645,0.0928235588614077
B0006,322,impedance,24.0,0.2049500104429889,0.051585880803371315,0.08414696830809967,0.07156671814928477,0.09367023927457886
B0006,324,impedance,24.0,0.20291956179543483,0.05150452839047342,0.0826074392412602,0.07131586967408446,0.09263070337895823
B0006,326,impedance,24.0,0.20537799452300037,0.050896024685837545,0.08457198406395325,0.07235057565104601,0.09440345976365576
B0006,328,impedance,24.0,0.2034039552263059,0.053416773109979124,0.08255989732907489,0.07082699476931537,0.09249135121320001
B0006,330,impedance,24.0,0.204923544456249,0.05257849320433398,0.08388654843564339,0.07033788263426383,0.09507092273616935
B0006,332,impedance,24.0,0.20355207356339455,0.05244556037226175,0.08274402934472387,0.0712990567757895,0.09306498833833467
B0006,334,impedance,24.0,0.20619175175563745,0.051094642371009046,0.08514509957550623,0.07148316063857231,0.09546831610525248
B0006,336,impedance,24.0,0.20426812798989105,0.05218692460806628,0.08335716736888427,0.07153178049404317,0.09395541657590765
B0006,338,impedance,24.0,0.20744292901074285,0.05302021192802437,0.08553166177047065,0.07177878179971342,0.09678915937102545
B0006,340,impedance,24.0,0.20483229968215794,0.05218559028698985,0.08365286713068898,0.07210470131692288,0.09426903728901763
B0006,342,impedance,24.0,0.20774206064492118,0.051495420979943515,0.08601222950627373,0.07217659052012376,0.09731548106056298
B0006,344,impedance,24.0,0.20494399581803882,0.05222159649019697,0.08391977291701062,0.07254046891986726,0.09511625677952429
B0006,346,impedance,24.0,0.20797152253417206,0.05200381227954022,0.08619820492504368,0.07275773932145782,0.09742370041141407
B0006,348,impedance,24.0,0.20479434845349787,0.052031978352214264,0.08371030838961503,0.07242420049463154,0.09419821095899443
B0006,350,impedance,24.0,0.20629797635217811,0.05181095341018985,0.08505891309520668,0.07161196696477634,0.09618267512171286
B0006,352,impedance,24.0,0.2049700920882221,0.0529626711033089,0.08369758258553171,0.07177274897642728,0.09431269324325077
B0006,354,impedance,24.0,0.20880830140730305,0.05309124083897804,0.08651901223644594,0.07236285655797875,0.09800608224040097
B0006,356,impedance,24.0,0.20453655058344025,0.051979992822356214,0.08365454506673975,0.07197325031942853,0.09403994753481937
B0006,358,impedance,24.0,0.20767858496761527,0.05320904231553393,0.08577894560631588,0.07217187946582546,0.09754420653220938
B0006,360,impedance,24.0,0.20542651473487028,0.05142437466853597,0.08429375370765153,0.07218496036569667,0.09436432368311946
B0006,362,impedance,24.0,0.20928948176653955,0.05207660863423252,0.08693671433560864,0.07327514105662862,0.09816756377374604
B0006,364,impedance,24.0,0.20524454088751165,0.05285203097721204,0.08385415100723298,0.07255344400984245,0.09400039614590885
B0006,367,impedance,24.0,0.20534601925908602,0.052930775765609235,0.08382264523630376,0.07279898453381024,0.0935192293551594
B0006,369,impedance,24.0,0.20847252367527075,0.05178002472097859,0.08647171901635076,0.0737422116355231,0.09682011701371697
B0006,371,impedance,24.0,0.2051217228579623,0.05316856386239133,0.08365618855059251,0.07230626414964644,0.09373318368991343
B0006,373,impedance,24.0,0.20915989567370535,0.05238045469520432,0.08683125826635217,0.07351181896001253,0.09784840606777727
B0006,375,impedance,24.0,0.20538645824959745,0.051883439723362824,0.08416318360773921,0.0731481609531371,0.09450117088751923
B0006,377,impedance,24.0,0.2096853293525645,0.05343210536571129,0.08698478751730393,0.07363095072187217,0.09872074778143794
B0006,379,impedance,24.0,0.20475585297198257,0.05121863782548747,0.08388283412148437,0.07258698856788243,0.0942767204381327
B0006,381,impedance,24.0,0.2102330136729751,0.052667164740661056,0.08749466024321507,0.07483720295528123,0.09855595497783809
B0006,383,impedance,24.0,0.20544887863373495,0.052771519465332664,0.08401155005599044,0.07231062653103708,0.09437378694839117
B0006,385,impedance,24.0,0.2094124089990741,0.05219926738340758,0.0870540451099331,0.07422880685868813,0.09794583413307753
B0006,387,impedance,24.0,0.20515269542432138,0.053184515500085495,0.08366508083948146,0.07185660712942502,0.09376323440193435
B0006,389,impedance,24.0,0.2093699093294762,0.05181220936559296,0.08714645958968459,0.07359262883289279,0.09794263420249376
B0006,391,impedance,24.0,0.2065333256574038,0.05260974111916885,0.08474387644743339,0.07355530338796804,0.09481493549893713
B0006,393,impedance,24.0,0.2099045368156527,0.051822675854627555,0.08745368511924655,0.07428961541366103,0.09782803971993742
B0006,395,impedance,24.0,0.2071982868526932,0.05321041350847354,0.08514318873459083,0.07377742233884306,0.09550761968799028
B0006,397,impedance,24.0,0.2111483596346403,0.052000325735932634,0.08836047398829604,0.07436247289279864,0.100297485432866
B0006,399,impedance,24.0,0.20610441665136897,0.05261758462831987,0.08460816253536656,0.07280893667527459,0.09466825353513973
B0006,401,impedance,24.0,0.2112434519545507,0.05256730797282582,0.08828772204142712,0.07308819155500623,0.10028552688952369
B0006,403,impedance,24.0,0.20645935578198799,0.052842081727263526,0.08468763527677833,0.07423988397360735,0.09455851844360653
B0006,405,impedance,24.0,0.21076471821367973,0.05188902656614881,0.08822395236124625,0.07390565956199621,0.10034826354300655
B0006,407,impedance,24.0,0.20644266645953985,0.052447932923956324,0.08474090946215425,0.07351251053388887,0.09455928328741696
B0006,409,impedance,24.0,0.21024075830575123,0.05126427014862781,0.08782879929528471,0.07406486350284623,0.09903658397481056
B0006,411,impedance,24.0,0.20602664318588348,0.05339257717186711,0.08434233728723609,0.07290767778143425,0.09500166880506605
B0006,413,impedance,24.0,0.21123355833590624,0.051839620343670775,0.08850857699137675,0.07434066648007011,0.10067908230747398
B0006,415,impedance,24.0,0.20666721452139403,0.05337851438190975,0.08478206313762651,0.07276351441984508,0.0952721862664049
B0006,417,impedance,24.0,0.21125794051940477,0.05170726399557924,0.08850523188007801,0.0749835856113319,0.1003809603504959
B0006,419,impedance,24.0,0.2062325524829736,0.052504366611659116,0.08458039709299255,0.07280904458053215,0.09417469896249388
B0006,421,impedance,24.0,0.21085864618248432,0.05224926304747192,0.08805662927290435,0.07363422580248341,0.10034341350119641
B0006,423,impedance,24.0,0.20590834863354546,0.052795750752927896,0.08436975019504712,0.07366216781831048,0.09401252729903897
B0006,425,impedance,24.0,0.21117495654708354,0.05192678401602528,0.08830153680334761,0.07495654638579109,0.0986748779007716
B0006,427,impedance,24.0,0.20620104151597762,0.052963274755811196,0.08454364530300663,0.07300473215689747,0.09488419183565079
B0006,429,impedance,24.0,0.21131736024069347,0.051630487570966846,0.0885947079229192,0.075132937700244,0.09988518450397564
B0006,433,impedance,24.0,0.2070425213237953,0.05261404112003871,0.08500971462937561,0.07456415358800406,0.09465513038241297
B0006,435,impedance,24.0,0.2124767315572329,0.0530404636753778,0.08901909640052724,0.07592804413673004,0.10032970664387303
B0006,437,impedance,24.0,0.20640411672265535,0.05196117288876583,0.08477592825532251,0.07343307367232554,0.09496461248763269
B0006,439,impedance,24.0,0.2126039186633349,0.05344690660514368,0.08898966783127898,0.07550871785129283,0.10116073256897913
B0006,441,impedance,24.0,0.20743115470572784,0.05308660887733626,0.08526197788382227,0.07401683695868191,0.09598514883171738
B0006,443,impedance,24.0,0.21184186025946627,0.05284202623213381,0.08864059553515365,0.07460959963253604,0.10145892418195081
B0006,445,impedance,24.0,0.20820385331638863,0.05358309071261031,0.08566412363083438,0.07392462060613289,0.09596990760137802
B0006,447,impedance,24.0,0.21199489690708986,0.05193444865095602,0.08902299858436408,0.07487960335651152,0.10060335245891304
B0006,449,impedance,24.0,0.20707573027581908,0.053117091434657385,0.08517646205752352,0.07350439612412557,0.09612015257573586
B0006,451,impedance,24.0,0.21236360479261412,0.051976593127304654,0.08932518292037556,0.07528060880004324,0.10254518763662164
B0006,453,impedance,24.0,0.20590386761429014,0.05355113611791524,0.08424380236768544,0.07264208276353092,0.09534113281992042
B0006,455,impedance,24.0,0.21240407742981326,0.05300224997372139,0.08907255832603819,0.07499556374166019,0.10138737916427212
B0006,457,impedance,24.0,0.2065771096487631,0.05236429460443796,0.08496890998830144,0.07311999977664198,0.09592311750334574
B0006,459,impedance,24.0,0.2131958785802444,0.05265581390911558,0.0896282782820675,0.07635857115497807,0.1014317733775896
B0006,461,impedance,24.0,0.2083679633041392,0.053585193959645214,0.08588041244576136,0.07352773427813793,0.09722971147738375
B0006,463,impedance,24.0,0.21233650568265208,0.05123652176075676,0.08944066234134353,0.07477686532784665,0.10280887562042597
B0006,465,impedance,24.0,0.20735863512664193,0.05253289016616953,0.08541988030768712,0.07365221366344325,0.09623949046601309
B0006,467,impedance,24.0,0.2132612500687709,0.05294686817752976,0.08989592320677092,0.07601129120974016,0.10207495349364025
B0006,469,impedance,24.0,0.2077136990425757,0.05250810129576965,0.08578040397441034,0.0738708282490051,0.09642311008921206
B0006,471,impedance,24.0,0.21358826671988995,0.05217262275766914,0.0900803883879169,0.07632337493459862,0.1024320211016061
B0006,473,impedance,24.0,0.2078727238403711,0.05195342597267484,0.08592500095532601,0.07357181902429763,0.09759059351551938
B0006,475,impedance,24.0,0.212467683039627,0.05144672466794716,0.0894647652655881,0.0749954456773232,0.10259630569279
B0006,477,impedance,24.0,0.20975409783066767,0.05355079236575305,0.08686233404586387,0.07457692199537422,0.098332863281485
B0006,479,impedance,24.0,0.21415091680728918,0.05255502059278104,0.09037868060172455,0.07655910700249269,0.10301800475787612
B0006,485,impedance,24.0,0.20759074653808723,0.05239126990347555,0.08560917500863538,0.07348534244575625,0.09721507881558597
B0006,487,impedance,24.0,0.21343826348135952,0.05176257673385208,0.09014641177714094,0.07627816468715698,0.10209285250394709
B0006,489,impedance,24.0,0.20487531184301835,0.051651256279428785,0.0840133280465626,0.07200798231511968,0.09467221621756744
B0006,491,impedance,24.0,0.21251531677709715,0.05242830575630498,0.0893563325735948,0.07628105077777647,0.10123049924820199
B0006,493,impedance,24.0,0.20694336760925117,0.05260710345249686,0.08521045694668164,0.07340853801638215,0.09646817904064085
B0006,495,impedance,24.0,0.21266138693772266,0.05207816021365268,0.08946526004343683,0.07559149558239868,0.10170048160813132
B0006,497,impedance,24.0,0.20708356928897523,0.05236591654684592,0.08527753746693208,0.07368975629679228,0.09703678483745568
B0006,499,impedance,24.0,0.21303393467312398,0.052075644252660834,0.08969457467085436,0.07436926956755013,0.10195116957544287
B0006,501,impedance,24.0,0.20637858527660238,0.05230328079523933,0.0847598078726596,0.07251824118465043,0.09465591179063428
B0006,503,impedance,24.0,0.21328494005398624,0.05265389881083138,0.08986557797764011,0.07554946383264172,0.1033905552179119
B0006,505,impedance,24.0,0.20845652001834952,0.05311254902608301,0.08612852138901525,0.07383014762823663,0.09770882689347758
B0006,507,impedance,24.0,0.21255958394956323,0.0512687062427739,0.08954514438131517,0.07543780913259987,0.10190222500615645
B0006,509,impedance,24.0,0.20748372536404472,0.05132087780021315,0.08576548379625835,0.07329562021253073,0.09701097507123445
B0006,511,impedance,24.0,0.21369269539662833,0.05258171206841702,0.09015357319674083,0.0752830478385875,0.10212799871439257
B0006,513,impedance,24.0,0.20851701781800205,0.05263395780044527,0.08635696683010516,0.07358700423436104,0.0984700686918705
B0006,515,impedance,24.0,0.2126372170253027,0.05256432630293915,0.08930414640262688,0.07504265846305132,0.10234809729911541
B0006,517,impedance,24.0,0.206837251781191,0.05276172073260522,0.08508352551463777,0.07299830246064513,0.09674804588399895
B0006,519,impedance,24.0,0.21197466900003842,0.05241523691724071,0.08891369781179419,0.07493083270026814,0.10316530446995302
B0006,521,impedance,24.0,0.20751195257788152,0.05250789723442004,0.08563582168120702,0.07317671448765889,0.09789006335131165
B0006,523,impedance,24.0,0.2123937091747358,0.05117737352221176,0.08956049697563104,0.07555918138378297,0.10171557782292613
B0006,525,impedance,24.0,0.20756948231442743,0.05131440598821407,0.08590360017126272,0.07330671757566318,0.09867203700323107
B0006,527,impedance,24.0,0.21331888570781588,0.05245767376037745,0.08990095196573833,0.07529135855581007,0.10399050592213124
B0006,529,impedance,24.0,0.20872379392671464,0.051248557186535086,0.08681783296700711,0.07381497446326195,0.09966717133921947
B0006,531,impedance,24.0,0.21423174122874755,0.051333300769028,0.09081947477394325,0.07695888745317593,0.10278141799912464
B0006,533,impedance,24.0,0.2090991508059549,0.05215506690912674,0.08666890099083162,0.0749168340838373,0.09740913121594287
B0006,535,impedance,24.0,0.21368901945570878,0.05229092612057815,0.0902118427085945,0.07582454225155175,0.10410637069985224
B0006,537,impedance,24.0,0.20825671721015931,0.052737849238732044,0.08605305396176817,0.07319733067893863,0.0986378767270153
B0006,539,impedance,24.0,0.21563623641093466,0.052442007305439235,0.09159427589093402,0.07591191584477391,0.10494385154400138
B0006,541,impedance,24.0,0.20895275859237886,0.05239010972645646,0.08655430966052213,0.07412387969571942,0.09846760988701693
B0006,543,impedance,24.0,0.2150240672980686,0.053031813375773486,0.09114279930273393,0.07629297155319334,0.10647126315333194
B0006,545,impedance,24.0,0.20911128373356994,0.05256252757039049,0.08656146010854245,0.07444944766297028,0.09763490351376954
B0006,548,impedance,24.0,0.2080142882264932,0.0526967249771107,0.08582235404744055,0.07429801976099379,0.09727249699620968
B0006,550,impedance,24.0,0.21186388106435086,0.052144477428812244,0.08887496980218415,0.0752876188558989,0.10131281846755223
B0006,552,impedance,24.0,0.20648473587112273,0.051937829491415385,0.0849442197875643,0.0732641449429155,0.09485788030578557
B0006,554,impedance,24.0,0.2124607126654215,0.0532118730907075,0.08920752781303169,0.07525091465096566,0.10263114150619053
B0006,556,impedance,24.0,0.20719623913801943,0.05304446700563859,0.08530002064210146,0.07295338594839133,0.09709171535624934
B0006,558,impedance,24.0,0.21380400332598526,0.05188498090845241,0.09029319439391852,0.07579555842218386,0.10337622430701954
B0006,560,impedance,24.0,0.2062816053071429,0.051962112077809014,0.08496547361117378,0.07229989931673016,0.09726851617156725
B0006,562,impedance,24.0,0.21510168391895282,0.05339135573263088,0.0910020656467409,0.07634314633390711,0.10459379391771405
B0006,564,impedance,24.0,0.20772777534471581,0.05334033917363744,0.08552225880611393,0.07208193445058439,0.09632752730869723
B0006,566,impedance,24.0,0.21407919124541955,0.052977681828957,0.09038641041235608,0.07548574752727838,0.10415670198896312
B0006,568,impedance,24.0,0.2088077481940405,0.05209587492713338,0.08666063286585014,0.074020498261262,0.09921529436633025
B0006,570,impedance,24.0,0.21440197602341118,0.0532097070356958,0.09064167323287359,0.075678173941146,0.10498941605859084
B0006,572,impedance,24.0,0.2085493957781617,0.05253150689653411,0.08630901920562589,0.07451902070420802,0.09722241475542803
B0006,574,impedance,24.0,0.21508588623945502,0.05222947096660561,0.09135355258651412,0.07639730618221811,0.10625558495145841
B0006,576,impedance,24.0,0.208388493131666,0.051557223933841566,0.08649676864612214,0.07424018982352315,0.09804575972887292
B0006,578,impedance,24.0,0.21401727337043544,0.051547143927726295,0.09061176945200575,0.07554089552390525,0.10325199429925233
B0006,580,impedance,24.0,0.20888007086260535,0.05235705117745382,0.08660336951950712,0.0751269930267548,0.0976015207267083
B0006,582,impedance,24.0,0.21570415163182838,0.052661816286159194,0.09170010086698219,0.07758555911246837,0.10473113760753461
B0006,584,impedance,24.0,0.20938551090270252,0.05212841331652698,0.0870834045163488,0.07300304718574424,0.09986121453402325
B0006,586,impedance,24.0,0.21650608099023907,0.05261352773029477,0.09225562916072785,0.07914099539982122,0.10410597469599145
B0006,588,impedance,24.0,0.2090384893220285,0.05225603321247179,0.08680179989934778,0.0733791162898153,0.10012439870046425
B0006,590,impedance,24.0,0.21427168943617186,0.05194100541156403,0.09090202159740568,0.07703480377026387,0.1043025357256912
B0006,592,impedance,24.0,0.21010277374081726,0.0535675030757745,0.08716697879918589,0.07400638737748559,0.10058214210272005
B0006,594,impedance,24.0,0.21448556818132986,0.05146803508069933,0.09106637239825197,0.07558657312230183,0.10545022867710716
B0006,596,impedance,24.0,0.2087944832250356,0.053351559455151215,0.08638649624297748,0.07445731304872845,0.09771765292275987
B0006,598,impedance,24.0,0.2152567034191129,0.05297775528184947,0.09128981956763804,0.07680024027253078,0.10505838895245793
B0006,600,impedance,24.0,0.20933269947537425,0.05287975453173608,0.08688368918574962,0.07404961895766839,0.10004265315557904
B0006,602,impedance,24.0,0.21505584871281871,0.05187494494893981,0.09143035910424564,0.07773379473968531,0.1055258410926404
B0006,604,impedance,24.0,0.20868245621372677,0.05291593007190315,0.08647747730211656,0.07345356672681479,0.09958433419834246
B0006,606,impedance,24.0,0.21587796977018195,0.05273849973195975,0.09191084366079821,0.07649758460967311,0.10668360253694291
B0006,608,impedance,24.0,0.21039946400421744,0.05294947176520576,0.08754313628602649,0.07429181207917376,0.10145770673563659
B0006,610,impedance,24.0,0.21547985957577898,0.05317373464836703,0.09137873574396366,0.07693445086160708,0.10589812281309796
B0006,614,impedance,24.0,0.2093024475568738,0.052083964521451295,0.0869600531980725,0.07358936787982846,0.09999474026181411
B0018,1,impedance,24.0,0.20029562084344069,0.04475081194580516,0.08300066335892409,0.06515815158455215,0.09555369570022001
B0018,3,impedance,24.0,0.1978022598272895,0.04598519653789064,0.08096715538467125,0.06319812376707153,0.10229511275627602
B0018,5,impedance,24.0,0.19573023538145545,0.04482626233940096,0.07977834516961578,0.06269644718508349,0.09161902925465781
B0018,7,impedance,24.0,0.19412374129065138,0.045829267485385294,0.07835056877037504,0.0626070139256824,0.0946846935443713
B0018,9,impedance,24.0,0.19537959596835114,0.044930150385486756,0.07966893651706138,0.06137843058604763,0.09188288246238666
B0018,11,impedance,24.0,0.1940519358402089,0.045693621643894886,0.07834291316543335,0.06199882418368678,0.0960700817119328
B0018,13,impedance,24.0,0.19544090307802936,0.04484608986856747,0.07960350670074068,0.06133724861449716,0.09141202809622342
B0018,15,impedance,24.0,0.1922394286646123,0.045909084010168494,0.07697366875154608,0.06143403300566526,0.09201876447685577
B0018,25,impedance,24.0,0.1932557616656887,0.04473420939888106,0.07810625079104079,0.06246407536667202,0.08784495845315991
B0018,27,impedance,24.0,0.1900788694936844,0.04552074825958567,0.07561814819317791,0.05911226141914418,0.08989822215265768
B0018,37,impedance,24.0,0.19283186360932913,0.04580535181433592,0.07760199593317244,0.06105488892245489,0.08795484250803035
B0018,39,impedance,24.0,0.19022037937352376,0.0465231146847496,0.07544212461309743,0.06100929812130678,0.08710663504547878
B0018,49,impedance,24.0,0.19176710531608113,0.045224571999644865,0.0769281503715837,0.06064904573360479,0.08754929973933033
B0018,51,impedance,24.0,0.19010080556581882,0.045386534018541216,0.07563714738185764,0.06219481868267621,0.08570971190558405
B0018,61,impedance,24.0,0.19304707105166724,0.04565330339087062,0.07763771973467118,0.06106479153135479,0.08848482071807108
B0018,63,impedance,24.0,0.1888598346025115,0.0449142107515312,0.07481851170468079,0.0595969662678692,0.08684055890192541
B0018,73,impedance,24.0,0.1909916885793737,0.04483695063868982,0.07632872929008486,0.06287106178477314,0.08500615970912836
B0018,75,impedance,24.0,0.18846476225137154,0.04460545358425024,0.07455981739092041,0.06095075041521759,0.08544326049182116
B0018,85,impedance,24.0,0.1912707671478493,0.04466138561939078,0.07662106489179915,0.06279037977354894,0.08611082715769634
B0018,87,impedance,24.0,0.18876630574029418,0.04487605256822866,0.0745839624794335,0.062054327669918884,0.0841039159798283
B0018,97,impedance,24.0,0.1916112144790607,0.04506564063322738,0.07681407982890513,0.06126874046942329,0.08711286500552247
B0018,99,impedance,24.0,0.1892574168369145,0.04594005400005607,0.07499768501731839,0.0627057717757101,0.08381129726407618
B0018,109,impedance,24.0,0.193577990776478,0.04658992027575754,0.07775281320492142,0.060230110173563736,0.0877848925885978
B0018,111,impedance,24.0,0.1896794601777379,0.04592897307432315,0.07512797012695621,0.061801794410442104,0.08516278937578788
B0018,125,impedance,24.0,0.19080557234908335,0.046165594779291004,0.07564047947274131,0.06335998574164574,0.08600824718099127
B0018,136,impedance,24.0,0.1902746181380261,0.04556952335581125,0.07541308715441271,0.06254971088581063,0.0843178209735426
B0018,138,impedance,24.0,0.1896819905271488,0.045146451758875,0.07534399312760238,0.06088396756004627,0.08522512012699898
B0018,148,impedance,24.0,0.1917455696047679,0.045395652046655924,0.07665094122745321,0.062318942746054214,0.0859882467642574
B0018,150,impedance,24.0,0.18979287505781028,0.04649729975212806,0.07501853236108054,0.0619094323498869,0.08488075014924702
B0018,160,impedance,24.0,0.19453116756647076,0.04644032293233025,0.07838070463809935,0.06328841535782422,0.08847320583286679
B0018,162,impedance,24.0,0.1910046348710736,0.046281663695094476,0.07590675540565127,0.06244245641291251,0.08553075414412509
B0018,172,impedance,24.0,0.19529704924607338,0.04460049641574209,0.07915850295751169,0.06272459952717446,0.09004616962738907
B0018,174,impedance,24.0,0.19239621221670267,0.04566164492451541,0.07690374265476556,0.06319723456202592,0.0872013762847039
B0018,185,impedance,24.0,0.19289506390695915,0.046530145898522786,0.07711757006127924,0.06332864514547537,0.08797976668527188
B0018,195,impedance,24.0,0.19637008003449222,0.04449209769092884,0.08000030040041826,0.06438276069827963,0.09108149736581252
B0018,197,impedance,24.0,0.19331617261582038,0.045337135457169796,0.07761810680658403,0.06322621852227772,0.08762970040962542
B0018,207,impedance,24.0,0.19716757270775434,0.0459415950211057,0.08008544950843723,0.06275964602343843,0.09224881675419787
B0018,209,impedance,24.0,0.19357779945875492,0.0464492897933611,0.077612132234597,0.06306423201152148,0.08878755046571668
B0018,220,impedance,24.0,0.19478763917592393,0.045753589384113266,0.0785000434187886,0.0654312939216661,0.08842632755307295
B0018,230,impedance,24.0,0.19667911660342502,0.04491868144626388,0.08012033571533282,0.0640350502034096,0.09164169330042057
B0018,232,impedance,24.0,0.19440958919121865,0.046284914048742264,0.07811962726953892,0.06431683619311312,0.08680690256687046
B0018,242,impedance,24.0,0.1985903240431707,0.04505019181494991,0.08131540084559116,0.06546443423939434,0.0925002319045349
B0018,244,impedance,24.0,0.19546079719508086,0.045184234820249525,0.0790508520050717,0.06545297065463919,0.0888408418585299
B0018,254,impedance,24.0,0.1986357537846406,0.044864458581933345,0.08128776769081726,0.06605675981972527,0.09024364278181114
B0018,256,impedance,24.0,0.19600589706774266,0.046121665939215795,0.07927477792481957,0.06550914978909368,0.08957234616173203
B0018,267,impedance,24.0,0.19548967027081357,0.04659618801130224,0.0787793626746725,0.06602461415916355,0.0893968694708912
B0018,277,impedance,24.0,0.1980206696580355,0.04645135371948133,0.08048271118387382,0.06528925688517716,0.0913916544478255
B0018,279,impedance,24.0,0.19352740958778947,0.045887024310692116,0.07763987673102946,0.06297327821062598,0.08791100017078796
B0018,289,impedance,24.0,0.1999295029157946,0.04556638978781304,0.0820948315120867,0.06516852362411818,0.09570731197373636
B0018,291,impedance,24.0,0.19565854908246774,0.04556926202601174,0.07909134015342731,0.0637387678424481,0.09115176519190589
B0018,302,impedance,24.0,0.19568336488940147,0.0464683650103245,0.0789032406609467,0.06521856379431411,0.09034871149507483
B0018,312,impedance,24.0,0.1982481148888228,0.044866134476150024,0.0810387164198068,0.06590455963486774,0.0920096535708447
B0018,314,impedance,24.0,0.1955830110473838,0.045520625861070446,0.07897781105635875,0.06606850271516486,0.08895885074391789
